year,state,State CPI
1989,AL,4.002483725279082
1990,AL,3.5490795935105117
1991,AL,3.5980642262880487
1992,AL,1.0778421388391866
1993,AL,2.4451133303307833
1994,AL,1.8730103625206531
1995,AL,2.067268578318523
1996,AL,3.222153165
1997,AL,1.542185298678822
1998,AL,0.4841437520065964
1999,AL,1.8267314932964072
2000,AL,2.8083299575911633
2001,AL,2.4561278427698117
2002,AL,2.684094612777674
2003,AL,1.8266948302328705
2004,AL,2.190431785
2005,AL,1.7668707384446256
2006,AL,3.2393061378217016
2007,AL,2.275068949763277
2008,AL,4.367952905902762
2009,AL,1.1821711181752763
2010,AL,2.9448266979163105
2011,AL,4.528967618564256
2012,AL,2.6066739342135583
2013,AL,1.3049823797298232
2014,AL,0.7720682281527741
2015,AL,0.030641626
2016,AL,0.749963196
2017,AL,1.0
1978,AK,2.969952260228269
1979,AK,5.475241911874895
1980,AK,5.778768378158649
1981,AK,5.170327756953948
1982,AK,2.7136006898010776
1983,AK,4.568481685146434
1984,AK,2.890925121113762
1985,AK,1.5161705730640571
1986,AK,1.353963727285448
1989,AK,3.3637143003353605
1990,AK,3.688337553
1991,AK,3.0696756877572406
1992,AK,1.3885475183041365
1993,AK,2.304798112
1994,AK,1.434759321559893
1995,AK,1.8631314249053856
1996,AK,2.8873761264273017
1997,AK,2.001544720167871
1998,AK,1.0961998801662105
1999,AK,1.2083748649843618
2000,AK,1.2243869172908688
2001,AK,2.6779388129284105
2002,AK,1.3326638174604186
2003,AK,2.461626862773558
2004,AK,3.745810612049249
2005,AK,3.4836294489027497
2006,AK,4.105641697209243
2007,AK,2.6514815047066085
2008,AK,3.3246046585284557
2009,AK,3.269726120139714
2010,AK,1.0
2011,AK,2.8267376091671172
2012,AK,1.884417240374004
2013,AK,3.911094739900407
2014,AK,1.6227007984751916
2015,AK,1.6011323322245747
2016,AK,0.6550191846227296
2017,AK,1.715607074996616
1989,AR,4.288569448
1990,AR,3.790810698
1991,AR,3.706301162278168
1992,AR,1.907184320902865
1993,AR,2.522443552272423
1994,AR,2.1890889615853544
1995,AR,1.943260453373667
1996,AR,2.5768958443887033
1997,AR,2.2512416998209415
1998,AR,0.2618016032041532
1999,AR,1.0
2000,AR,2.794746297566479
2001,AR,2.261168629221811
2002,AR,1.9825120168954715
2003,AR,1.0
2004,AR,1.0
2005,AR,2.8993396418161783
2006,AR,2.320427737880517
2007,AR,2.103043813160757
2008,AR,2.7170727665380174
2009,AR,1.0
2010,AR,0.6874988352533866
2011,AR,2.416995743032243
2012,AR,2.315834244115641
2013,AR,1.757040755795259
2014,AR,2.213712495399876
2015,AR,1.0
2016,AR,1.0
2017,AR,3.693378282691954
1978,CA,7.162439869884905
1979,CA,10.990761148308032
1980,CA,12.149670802736637
1981,CA,8.776594967593207
1982,CA,6.032541741745677
1983,CA,3.384829674695647
1984,CA,4.1944627598101345
1985,CA,3.3773400482263796
1986,CA,2.35155827
1989,CA,4.2951707066377605
1990,CA,4.129924491480585
1991,CA,4.063099392988735
1992,CA,2.6807775940756384
1993,CA,2.543929224272356
1994,CA,1.7849719773965629
1995,CA,2.0263520088103784
1996,CA,1.6118536256284837
1997,CA,2.0160413255315652
1998,CA,0.327879601
1999,CA,2.312991222960145
2000,CA,3.446624787642031
2001,CA,3.462844803615281
2002,CA,2.8640751172080883
2003,CA,2.6971900384903225
2004,CA,1.7074284249462597
2005,CA,3.5135079546625776
2006,CA,3.7194982805651216
2007,CA,2.140029795726357
2008,CA,2.998006518324194
2009,CA,0.699054061
2010,CA,2.8411922548566477
2011,CA,2.8150233005607994
2012,CA,1.326438817267633
2013,CA,1.2860458863430562
2014,CA,1.638660974922725
2015,CA,1.2572911728222644
2016,CA,2.30789128
2017,CA,1.6522690707932552
1989,CO,4.888768115317954
1990,CO,3.2801852587951106
1991,CO,3.0169688302022037
1992,CO,1.9693043571403337
1993,CO,1.3669668634586336
1994,CO,2.148441537250818
1995,CO,2.762957195562199
1996,CO,1.6164866558363449
1997,CO,2.436827800405319
1998,CO,1.317489247598419
1999,CO,1.990317088236004
2000,CO,3.933720821224258
2001,CO,5.3384867770376525
2002,CO,3.1025326029397675
2003,CO,2.650209372696581
2004,CO,2.1040884354896128
2005,CO,3.892338294106815
2006,CO,3.2368993621126396
2007,CO,2.438888175970318
2008,CO,4.280392807597513
2009,CO,0.940423451
2010,CO,3.0960366234628203
2011,CO,5.272659391445345
2012,CO,2.6324711143520254
2013,CO,2.752683373
2014,CO,3.1527038929361435
2015,CO,0.7860314929831435
2016,CO,1.0
2017,CO,2.149185821403143
1989,CT,5.128736220902216
1990,CT,4.779335131
1991,CT,3.034905470089055
1992,CT,4.0025408646257885
1993,CT,0.980568285
1994,CT,1.0
1995,CT,0.8117105635205111
1996,CT,2.624260202474517
1997,CT,0.8789553223439643
1998,CT,1.0
1999,CT,1.0
2000,CT,2.2853811632589167
2001,CT,2.322860043570154
2002,CT,0.2293725349676325
2003,CT,2.949600525668846
2004,CT,1.2074696389848578
2005,CT,2.494366369829935
2006,CT,3.436433923
2007,CT,1.455885381134311
2008,CT,2.8838849779965163
2009,CT,0.7577388753785994
2010,CT,1.0
2011,CT,2.5159621882986265
2012,CT,2.530549296
2013,CT,1.2066350618710888
2014,CT,4.342816540224502
2015,CT,2.362619286932056
2016,CT,1.0
2017,CT,2.3191320487742746
1978,District of Columbia,18.614064553473312
1979,District of Columbia,8.621972112004913
1980,District of Columbia,7.105029256854234
1981,District of Columbia,3.758237290018919
1982,District of Columbia,3.876967810003017
1983,District of Columbia,2.970766223596677
1984,District of Columbia,3.211200260764231
1985,District of Columbia,2.0986583122282583
1986,District of Columbia,1.0
1989,District of Columbia,4.774136045840534
1990,District of Columbia,4.352616145989865
1991,District of Columbia,2.625045022
1992,District of Columbia,1.834760537772368
1993,District of Columbia,3.4629500236456017
1994,District of Columbia,2.0271367350410325
1995,District of Columbia,1.407811861304041
1996,District of Columbia,1.7080140717416084
1997,District of Columbia,0.8885898679151191
1998,District of Columbia,0.1796327914264186
1999,District of Columbia,1.2489334481651082
2000,District of Columbia,2.794990444007873
2001,District of Columbia,2.1537853134504834
2002,District of Columbia,1.6017319525473277
2003,District of Columbia,2.947417607155878
2004,District of Columbia,2.3048501342702528
2005,District of Columbia,2.369625558429369
2006,District of Columbia,3.447313164123449
2007,District of Columbia,3.303877159417707
2008,District of Columbia,3.997134808779544
2009,District of Columbia,0.443655908
2010,District of Columbia,3.2055874477110105
2011,District of Columbia,2.714175892755915
2012,District of Columbia,2.5272307986625373
2013,District of Columbia,1.4600388532384931
2014,District of Columbia,0.813273359
2015,District of Columbia,1.0
2016,District of Columbia,0.839325235
2017,District of Columbia,0.1202080439352702
1978,FL,8.602042721
1979,FL,7.374622394039741
1980,FL,7.136798572815472
1981,FL,7.548330195067526
1982,FL,4.8476093952479875
1983,FL,3.084548104571996
1984,FL,2.9556220672341627
1985,FL,2.1795782893310935
1986,FL,1.0
1989,FL,3.8291329485042183
1990,FL,3.837089034524705
1991,FL,2.6722052200231383
1992,FL,1.4634694032544249
1993,FL,2.052811303442053
1994,FL,1.9848503109046125
1995,FL,2.6360349234250027
1996,FL,2.5003557215196097
1997,FL,1.711716385562077
1998,FL,0.7723012665916057
1999,FL,1.620512600244313
2000,FL,2.6412460761597556
2001,FL,2.9844137530135137
2002,FL,2.312880225788193
2003,FL,3.0517776708204822
2004,FL,1.7883081499546278
2005,FL,2.9367808687958488
2006,FL,3.204578747220458
2007,FL,1.783808805770248
2008,FL,3.5983826550717053
2009,FL,1.0
2010,FL,2.0394385372057333
2011,FL,3.4870835607513926
2012,FL,2.257922587027956
2013,FL,1.3542411394894198
2014,FL,2.014755145244033
2015,FL,0.3708259223817169
2016,FL,0.9356891430989251
2017,FL,2.2544510966397597
1978,GA,4.744737325032537
1979,GA,7.389550731425293
1980,GA,9.369551236763268
1981,GA,6.840235464
1982,GA,3.5290370289777084
1983,GA,2.3731331518360785
1984,GA,3.084830089433477
1985,GA,2.847952655967412
1986,GA,0.5287122327818742
1989,GA,4.955583889889172
1990,GA,5.090102284634368
1991,GA,2.2727369060946883
1992,GA,1.817290474713242
1993,GA,2.271783317944936
1994,GA,1.856267274644432
1995,GA,2.7980789235947534
1996,GA,3.636594803587071
1997,GA,1.787805521928289
1998,GA,0.8047325826552725
1999,GA,2.050315744382882
2000,GA,2.929480063329845
2001,GA,3.0014958963943443
2002,GA,1.3382133119636532
2003,GA,1.7300441408215983
2004,GA,1.5053632574799758
2005,GA,2.9584181627149055
2006,GA,2.0966354682041035
2007,GA,1.5281534521301965
2008,GA,3.1467499284455274
2009,GA,1.0
2010,GA,2.1483456719078307
2011,GA,3.691694081464176
2012,GA,1.303011665443345
2013,GA,0.608630513
2014,GA,1.6523728055504332
2015,GA,0.8385548095844308
2016,GA,1.1325511628191212
2017,GA,1.9392777591444184
1978,HI,6.715586741944643
1979,HI,7.116289785
1980,HI,7.279077608470969
1981,HI,6.942926946652151
1982,HI,4.741264482151996
1983,HI,2.3487158115912505
1984,HI,2.633408901
1985,HI,2.474644716100775
1986,HI,1.9642438062080343
1989,HI,4.545644442818321
1990,HI,5.457807492290166
1991,HI,3.950985564627072
1992,HI,2.939322898403119
1993,HI,3.807518891206614
1994,HI,1.7960405055554514
1995,HI,2.0801493678233975
1996,HI,1.2903310348771742
1997,HI,1.0
1998,HI,1.0
1999,HI,0.9410045768040826
2000,HI,1.6769018627188856
2001,HI,0.6489020377499012
2002,HI,0.5278036196391763
2003,HI,2.0765064217217186
2004,HI,3.2976190133886503
2005,HI,2.6959025546915982
2006,HI,4.058512516112477
2007,HI,3.1599348902428694
2008,HI,5.269629175742362
2009,HI,0.9505105444642704
2010,HI,3.8039334147356274
2011,HI,5.142225407961515
2012,HI,1.0
2013,HI,1.0
2014,HI,1.7963256283861633
2015,HI,0.8559981767374326
2016,HI,1.0
2017,HI,1.0
1978,IL,4.807938626
1979,IL,7.4366440952060096
1980,IL,8.119857781847388
1981,IL,6.780884641717191
1982,IL,3.058794219049955
1983,IL,2.190624074
1984,IL,2.206693773047159
1985,IL,2.2558139721017527
1986,IL,1.253112423904878
1989,IL,4.436203426130836
1990,IL,3.325823073
1991,IL,3.689448993990293
1992,IL,1.8801394135090703
1993,IL,2.3635464517672173
1994,IL,1.0
1995,IL,3.552780694473042
1996,IL,2.0160335510527876
1997,IL,1.8479396070634164
1998,IL,1.023868442342707
1999,IL,1.7705203685090791
2000,IL,3.0490040716340716
2001,IL,1.631094178
2002,IL,1.6751666483011498
2003,IL,2.1043707091111044
2004,IL,1.4499276196040627
2005,IL,2.419127411599869
2006,IL,2.0749208846218226
2007,IL,3.7830354037630296
2008,IL,3.3851720305007356
2009,IL,0.7396366845922294
2010,IL,2.840126101434612
2011,IL,2.4626276190893233
2012,IL,1.6334809279393645
2013,IL,1.1689761094377993
2014,IL,1.5460240913611405
2015,IL,1.0
2016,IL,0.6516364726574156
2017,IL,0.4940874023146416
1989,IN,4.206391774884293
1990,IN,2.663304906243765
1991,IN,2.705600414637138
1992,IN,1.096431731602495
1993,IN,1.9057116952449604
1994,IN,0.9063919968287972
1995,IN,2.6650129901942554
1996,IN,2.290603749340559
1997,IN,2.3650944204766073
1998,IN,1.972972043
1999,IN,1.2919449910386915
2000,IN,3.377258645848654
2001,IN,3.3975119737239137
2002,IN,1.8852297529887247
2003,IN,2.7891971092132772
2004,IN,2.2291002139307436
2005,IN,2.4492054159461287
2006,IN,2.1132935012711305
2007,IN,2.7315043964228196
2008,IN,4.418403151096212
2009,IN,0.7107411629529876
2010,IN,2.108428546
2011,IN,4.1195774052254315
2012,IN,2.0261893735084353
2013,IN,1.778864621089806
2014,IN,1.8548540427262128
2015,IN,0.6723516052836096
2016,IN,1.411799123447298
2017,IN,2.586975301471767
1989,KS,3.4181195605817716
1990,KS,3.8535649058628345
1991,KS,4.158526328549411
1992,KS,2.261644923028834
1993,KS,3.1495452246522624
1994,KS,1.3855343405679996
1995,KS,2.4855993629162443
1996,KS,1.9756591352815944
1997,KS,1.5040883751825107
1998,KS,1.0
1999,KS,1.8269889264122317
2000,KS,3.3105533315114544
2001,KS,3.4079802430602686
2002,KS,1.893873559935368
2003,KS,3.3095049745552685
2004,KS,1.764101380332019
2005,KS,2.4371830472213336
2006,KS,2.501344857779559
2007,KS,2.033109401603143
2008,KS,3.874209442176445
2009,KS,1.0
2010,KS,3.0140761106108256
2011,KS,4.696983024045881
2012,KS,1.644232894
2013,KS,2.495194022975864
2014,KS,0.2585775261927294
2015,KS,2.7163805555222797
2016,KS,0.5148591105723923
2017,KS,1.0
1989,LA,3.4024583085793925
1990,LA,2.6372948867309134
1991,LA,3.3801957313788877
1992,LA,1.6543326118913817
1993,LA,2.1408866007122125
1994,LA,1.3904180923537637
1995,LA,2.229555020864621
1996,LA,3.659370079637077
1997,LA,2.2115116219385285
1998,LA,0.4299657031971816
1999,LA,2.120804176
2000,LA,2.997060096173179
2001,LA,2.298110899819336
2002,LA,1.097117685527956
2003,LA,2.0469836998770803
2004,LA,1.783799937189266
2005,LA,2.3496638067449727
2006,LA,1.6173654809434883
2007,LA,1.1105546729758202
2008,LA,3.561002840710151
2009,LA,0.8646956419192219
2010,LA,3.464093303431956
2011,LA,3.248773280311095
2012,LA,2.6447302503961554
2013,LA,1.2713917939890935
2014,LA,2.4184600145812327
2015,LA,2.7496905476279982
2016,LA,2.444737799
2017,LA,0.9068454837402534
1978,MD,1.0
1979,MD,5.542406380144024
1980,MD,9.961555483491107
1981,MD,6.542254181142084
1982,MD,5.078126320467187
1983,MD,4.029970688516389
1984,MD,3.0924486684671617
1985,MD,2.232892912556206
1986,MD,2.951063057454675
1989,MD,3.390006949393765
1990,MD,3.744306190236056
1991,MD,3.8566053192433976
1992,MD,2.201036419900534
1993,MD,1.6132561312032985
1994,MD,1.7427798170190203
1995,MD,2.4937637108344135
1996,MD,1.9961028648812664
1997,MD,1.0764941953933862
1998,MD,1.6362976902279818
1999,MD,2.012262136343102
2000,MD,1.821136827756245
2001,MD,1.8548895638130316
2002,MD,1.8178857840772735
2003,MD,2.615429348409403
2004,MD,2.3434071458573857
2005,MD,3.772868629942327
2006,MD,3.517985519069215
2007,MD,3.707390840797605
2008,MD,6.129255087586667
2009,MD,0.8338030343321703
2010,MD,1.7169590849571912
2011,MD,3.8698100404356137
2012,MD,2.070444807169921
2013,MD,1.0
2014,MD,1.0
2015,MD,1.0
2016,MD,2.089431297932605
2017,MD,1.702424408743427
1978,MA,3.1732744903532826
1979,MA,6.516216556
1980,MA,8.158063328
1981,MA,4.826485496959352
1982,MA,1.719777372375309
1983,MA,1.0
1984,MA,3.099229471314138
1985,MA,2.107668959889105
1986,MA,3.0511147397729466
1989,MA,6.150278713772643
1990,MA,5.238231669614059
1991,MA,5.273982663489515
1992,MA,3.102215276
1993,MA,2.533715021690586
1994,MA,2.504844497693307
1995,MA,1.6758863736053105
1996,MA,1.709083695118147
1997,MA,1.8827675305493456
1998,MA,0.6244529675858621
1999,MA,1.6418412486396472
2000,MA,3.3116300057841506
2001,MA,3.463714665146539
2002,MA,1.0
2003,MA,2.5091361798475456
2004,MA,3.1271671
2005,MA,3.145132383518762
2006,MA,3.878052717590382
2007,MA,2.0226664086430284
2008,MA,4.469853687834468
2009,MA,1.0
2010,MA,3.1175241064902446
2011,MA,3.6699168250563847
2012,MA,1.286542729938606
2013,MA,1.4971420837010707
2014,MA,1.7495376876815594
2015,MA,1.113652553998243
2016,MA,1.0
2017,MA,2.565699422779556
1978,MI,6.469171546902576
1979,MI,7.369772308321105
1980,MI,9.163572847954551
1981,MI,7.841648348848146
1982,MI,3.852615899017095
1983,MI,1.041348418351112
1984,MI,1.6509649267162567
1985,MI,2.169745344
1986,MI,1.1728527335371857
1989,MI,3.789852181524174
1990,MI,3.963277443836009
1991,MI,4.145755879396281
1992,MI,2.5560430622308146
1993,MI,1.7625688356882594
1994,MI,3.3675677973104636
1995,MI,2.510562212393087
1996,MI,2.3868197082272347
1997,MI,1.675792949
1998,MI,1.4255185028920838
1999,MI,2.6444281016319864
2000,MI,3.1630967546136097
2001,MI,3.1114709328665686
2002,MI,2.965326334472638
2003,MI,3.3183703068420303
2004,MI,3.078249437412434
2005,MI,3.4682334275573448
2006,MI,3.061396350450876
2007,MI,0.4005569860843949
2008,MI,2.0814409021335685
2009,MI,1.7777721780775333
2010,MI,2.668102088795268
2011,MI,2.978650254091124
2012,MI,1.9088103316168743
2013,MI,1.112700249225993
2014,MI,2.6198727080330526
2015,MI,1.0
2016,MI,1.0
2017,MI,1.0
1978,MN,1.0
1979,MN,7.104087401704628
1980,MN,6.218365707
1981,MN,6.716422449786729
1982,MN,4.345013113443747
1983,MN,1.581808524676883
1984,MN,1.4456814040709818
1985,MN,2.335766547957901
1986,MN,1.0
1989,MN,2.1867515912805557
1990,MN,2.985819559655841
1991,MN,2.869601225868515
1992,MN,2.6648383327046092
1993,MN,3.1311696925032932
1994,MN,1.0136273433925784
1995,MN,1.7192482653730647
1996,MN,2.381513913783738
1997,MN,2.876243563780927
1998,MN,1.5783598455566348
1999,MN,2.744993221
2000,MN,3.1551224094212436
2001,MN,3.724010798370757
2002,MN,1.3607618064713516
2003,MN,2.346718276957271
2004,MN,2.789494524257446
2005,MN,3.463984556374693
2006,MN,3.61520554
2007,MN,3.133767942953847
2008,MN,4.278086569177902
2009,MN,1.0
2010,MN,1.6705790628834605
2011,MN,2.7329749137733126
2012,MN,1.8404302476385737
2013,MN,1.5198202245418797
2014,MN,1.0564246893109286
2015,MN,1.617003524865943
2016,MN,2.092190095261513
2017,MN,1.0227871510677284
1989,MS,4.284090235725581
1990,MS,4.4775717333568865
1991,MS,3.554077674
1992,MS,1.6691009922452158
1993,MS,1.8148199448788185
1994,MS,2.7761737729397806
1995,MS,1.7486964328290346
1996,MS,0.798078363
1997,MS,0.8823645814615895
1998,MS,1.664323386434579
1999,MS,2.1215335039760967
2000,MS,3.0672966929981267
2001,MS,3.4664353876455327
2002,MS,1.311164985
2003,MS,3.867865910401243
2004,MS,2.699466505966606
2005,MS,3.7811275243418785
2006,MS,3.949502943
2007,MS,3.3445738050345444
2008,MS,5.635309656803267
2009,MS,3.346626889872764
2010,MS,1.0
2011,MS,1.642557117967128
2012,MS,2.0628501677304385
2013,MS,1.8634376178509424
2014,MS,2.872297698438012
2015,MS,1.0
2016,MS,0.4170520541779488
2017,MS,1.1440670192390865
1978,MO,7.500311083196582
1979,MO,10.585183606671878
1980,MO,11.082087989376165
1981,MO,8.994333452584959
1982,MO,7.614437612
1983,MO,5.1512895172905715
1984,MO,3.007566107370047
1985,MO,2.8059256654707863
1986,MO,1.3926054086805386
1989,MO,3.961194749009621
1990,MO,4.436073693
1991,MO,2.8918428902765982
1992,MO,2.353539629510593
1993,MO,2.6126943713537285
1994,MO,3.0447089732131487
1995,MO,1.851490220058058
1996,MO,2.154247185563265
1997,MO,1.8652295945865147
1998,MO,1.1664212688824946
1999,MO,1.5020923742171448
2000,MO,3.3170748393369727
2001,MO,2.524629543473387
2002,MO,1.910892218437249
2003,MO,2.508674924731906
2004,MO,2.328987071659191
2005,MO,2.1638977280484224
2006,MO,2.216538132908067
2007,MO,2.117223699
2008,MO,2.615837530342671
2009,MO,1.1288072162856289
2010,MO,1.4726339206755958
2011,MO,3.2305526902638775
2012,MO,2.427623662453178
2013,MO,2.106247505456946
2014,MO,1.3047240458738554
2015,MO,1.0
2016,MO,1.4839661425695394
2017,MO,2.1535001533220264
1978,NJ,4.230769655984148
1979,NJ,4.713734970497775
1980,NJ,9.158967006
1981,NJ,7.562575379262422
1982,NJ,3.684791826541363
1983,NJ,1.9103952552036243
1984,NJ,2.0657392851426484
1985,NJ,1.3110075443201294
1986,NJ,1.2453942687795578
1989,NJ,3.3483047511985555
1990,NJ,2.4203283368817408
1991,NJ,4.479331711089707
1992,NJ,1.0
1993,NJ,3.0132262594859576
1994,NJ,2.0974139361861144
1995,NJ,2.0622773958990313
1996,NJ,1.849550534166568
1997,NJ,1.757415864519005
1998,NJ,1.603068943
1999,NJ,1.6658280706985973
2000,NJ,1.6547623213204024
2001,NJ,1.9176351624460448
2002,NJ,1.850319412900377
2003,NJ,1.852257934550648
2004,NJ,3.148838677
2005,NJ,5.372788683212535
2006,NJ,3.374410272337224
2007,NJ,1.8903312228459124
2008,NJ,4.434076041922935
2009,NJ,0.8825161717091219
2010,NJ,2.0256769496128024
2011,NJ,3.715592012822664
2012,NJ,2.270680941052584
2013,NJ,1.7231047017407743
2014,NJ,1.1945729706541297
2015,NJ,0.4468826312511298
2016,NJ,1.713203568176766
2017,NJ,1.0
1978,NY,4.590678715742673
1979,NY,6.936374366237806
1980,NY,9.358349950915189
1981,NY,8.90862078
1982,NY,5.698007141
1983,NY,3.988129541452844
1984,NY,3.358907798225914
1985,NY,1.7003575504321602
1986,NY,0.2989382823215273
1989,NY,4.939181067161979
1990,NY,4.542962816267657
1991,NY,3.681322566
1992,NY,2.439973406523569
1993,NY,2.5241455843186293
1994,NY,2.224002736768486
1995,NY,2.4175896087434654
1996,NY,2.3629494955631647
1997,NY,1.7924845391597128
1998,NY,1.199557650042816
1999,NY,1.626981292353926
2000,NY,3.1742078618292786
2001,NY,2.5058475560380726
2002,NY,1.6752874093595405
2003,NY,3.5355598518997167
2004,NY,2.285753758543855
2005,NY,3.5207834449840916
2006,NY,1.446912374599317
2007,NY,2.159716564
2008,NY,3.3575991528719378
2009,NY,0.968688154
2010,NY,2.4465486598521164
2011,NY,2.962197927531366
2012,NY,1.5430447904476432
2013,NY,1.8162198419258924
2014,NY,1.3090121462454878
2015,NY,0.4430465407291692
2016,NY,0.2571830242664044
2017,NY,1.648315619064468
1989,NC,4.563512858693244
1990,NC,4.154595960283119
1991,NC,2.9181699654312783
1992,NC,2.1681643758493614
1993,NC,2.723225253336037
1994,NC,3.089618262549683
1995,NC,2.990971892885116
1996,NC,2.625331872316228
1997,NC,1.8998829837505329
1998,NC,0.5317522587274485
1999,NC,0.5497640717704174
2000,NC,3.5199830555748868
2001,NC,2.1917941217545978
2002,NC,0.578669484
2003,NC,1.6705810745293492
2004,NC,1.3551701951815631
2005,NC,2.266268828644815
2006,NC,1.0
2007,NC,1.985352436795172
2008,NC,3.745782921066837
2009,NC,1.0
2010,NC,2.129871539760541
2011,NC,2.522007373686795
2012,NC,1.0513268560833815
2013,NC,0.2592419128462308
2014,NC,1.0
2015,NC,0.7839674972704938
2016,NC,1.0
2017,NC,2.9010732978576916
1978,OH,7.493867249642495
1979,OH,8.501445463
1980,OH,11.152649993213425
1981,OH,9.923594460960992
1982,OH,6.7604505499395176
1983,OH,4.973906959913012
1984,OH,3.5835961308728135
1985,OH,3.586760844215554
1986,OH,2.7908127460282226
1989,OH,3.753522219216726
1990,OH,3.7529525609748022
1991,OH,2.926716691586132
1992,OH,1.9449424861871232
1993,OH,2.040129914029038
1994,OH,2.396487581567656
1995,OH,2.720377890907295
1996,OH,2.3868831187216255
1997,OH,1.8328798896875655
1998,OH,1.198343456597995
1999,OH,1.8819917178778145
2000,OH,2.4324753051266725
2001,OH,2.1923622064193453
2002,OH,0.6537509566691015
2003,OH,2.663216173347264
2004,OH,2.8579384095052913
2005,OH,2.8707756360608885
2006,OH,3.365821456339856
2007,OH,2.6805204305251333
2008,OH,4.203513593226815
2009,OH,1.0
2010,OH,2.576975383610795
2011,OH,3.1044780189915056
2012,OH,2.3606547093778363
2013,OH,2.042416921965939
2014,OH,2.300933225982197
2015,OH,0.1230512391986615
2016,OH,0.2354147217420753
2017,OH,1.0955648801472742
1989,OK,6.835533252832275
1990,OK,3.338070828283785
1991,OK,3.1936956758366226
1992,OK,2.9526189697982423
1993,OK,2.766327850791364
1994,OK,0.2443551265721699
1995,OK,2.215174921046557
1996,OK,2.941909540759164
1997,OK,1.976779059680145
1998,OK,3.543853402564687
1999,OK,1.8153651808778923
2000,OK,3.3960530356762497
2001,OK,2.954010525840709
2002,OK,3.045066308
2003,OK,2.719230853892312
2004,OK,4.284070380543628
2005,OK,2.9587617169407094
2006,OK,1.0
2007,OK,1.0
2008,OK,4.771480736645002
2009,OK,0.7797754780079598
2010,OK,0.3731505404151724
2011,OK,2.409768977198723
2012,OK,1.804003165656884
2013,OK,1.7720380466623833
2014,OK,3.3171499538300666
2015,OK,0.8992937990709499
2016,OK,1.0
2017,OK,1.0
1978,OR,3.9382046836259144
1979,OR,7.997553452701563
1980,OR,7.637390189176845
1981,OR,5.733088923735766
1982,OR,5.007316402718107
1983,OR,2.177028773898816
1984,OR,3.4512258772297497
1985,OR,2.8086582050197366
1986,OR,4.4046393011594125
1989,OR,4.4400172792441515
1990,OR,5.328707601
1991,OR,4.697885666561393
1992,OR,3.226442533148268
1993,OR,2.4321863293265764
1994,OR,2.197553303319748
1995,OR,1.5622304761961865
1996,OR,3.698498488314004
1997,OR,2.9893600160348996
1998,OR,1.9415557897260207
1999,OR,2.7816523866967837
2000,OR,3.4133864093884094
2001,OR,3.1612405366339997
2002,OR,2.3086288021381822
2003,OR,3.049849066621485
2004,OR,2.4883608145312666
2005,OR,2.896013789
2006,OR,3.5686702864918862
2007,OR,3.5130822942743953
2008,OR,3.886179411972459
2009,OR,2.5962729122658645
2010,OR,2.1760837009752936
2011,OR,3.942143377960125
2012,OR,2.580904362233332
2013,OR,1.1772182534202351
2014,OR,2.2543435034368366
2015,OR,1.3202352176316328
2016,OR,1.6462636890044378
2017,OR,3.2314848003493313
1978,PA,5.967261883029449
1979,PA,8.482322644798636
1980,PA,9.892467562789884
1981,PA,7.980886261042138
1982,PA,4.789073719024728
1983,PA,3.1239135597681624
1984,PA,2.3146865531483884
1985,PA,0.1661994695759312
1986,PA,2.120850846950628
1989,PA,4.322340773580452
1990,PA,4.030437400731156
1991,PA,3.093661053982217
1992,PA,2.585053768
1993,PA,2.0585781702256156
1994,PA,2.1857675126179417
1995,PA,2.174464282001963
1996,PA,2.1868844959491884
1997,PA,1.843078749568704
1998,PA,0.7668114619117794
1999,PA,1.4910530190101587
2000,PA,2.9287592952097823
2001,PA,2.917751280828307
2002,PA,1.372880983648545
2003,PA,2.2547313003447633
2004,PA,2.9139947015560335
2005,PA,2.8277093453888167
2006,PA,2.7438554063228917
2007,PA,3.1432987175449156
2008,PA,4.680787131193448
2009,PA,1.0
2010,PA,1.7255825124977606
2011,PA,3.0495407244353343
2012,PA,1.8814115109841425
2013,PA,1.6870232861820276
2014,PA,0.7990056586467641
2015,PA,0.8276342244226388
2016,PA,0.9131649862230514
2017,PA,1.334091764176691
1989,SC,3.6816396154789457
1990,SC,5.1669943940931455
1991,SC,4.560655958992896
1992,SC,1.8070088654944416
1993,SC,2.7645619721858106
1994,SC,2.448141474729358
1995,SC,2.526853118415702
1996,SC,1.0575684228999174
1997,SC,0.6961510813667304
1998,SC,0.9812570621023085
1999,SC,2.0263385593638232
2000,SC,3.1290888392076504
2001,SC,2.7406780443965584
2002,SC,1.8250001987897464
2003,SC,2.3302559089930237
2004,SC,1.402184644154002
2005,SC,2.819264041664197
2006,SC,3.183380493955018
2007,SC,4.6489036028722515
2008,SC,2.12995893
2009,SC,0.5849415376193683
2010,SC,2.582192263686369
2011,SC,2.791787857978657
2012,SC,1.5894928271385325
2013,SC,1.0
2014,SC,0.4452738871477301
2015,SC,1.3776195408425242
2016,SC,1.0
2017,SC,2.0307164615789604
1978,TN,0.8598393928269049
1979,TN,6.5937367586107625
1980,TN,10.820853305867626
1981,TN,11.990379226303874
1982,TN,7.026715453193886
1983,TN,3.0365327638155017
1984,TN,2.5188872607089294
1985,TN,1.234378125240981
1986,TN,1.0
1989,TN,3.742079742770694
1990,TN,3.6512664721056582
1991,TN,2.270698733
1992,TN,2.036722902015275
1993,TN,2.5331284140225634
1994,TN,2.407490458295959
1995,TN,2.4439194133247297
1996,TN,2.428904869886137
1997,TN,2.320692963356813
1998,TN,3.469540129061866
1999,TN,1.7167493772355358
2000,TN,3.6858856979638346
2001,TN,1.8993817939648672
2002,TN,1.5220319000699996
2003,TN,2.7143913106586006
2004,TN,1.8798588702102088
2005,TN,3.348354586822728
2006,TN,3.4781119398074023
2007,TN,1.4287268061357126
2008,TN,4.284953376
2009,TN,0.559371436
2010,TN,2.2426513644960746
2011,TN,4.104335566
2012,TN,2.5038660636465013
2013,TN,2.5502189950780783
2014,TN,2.159205900345307
2015,TN,1.7085003372472474
2016,TN,1.2286545441655083
2017,TN,1.763914124172339
1978,TX,8.042450352065027
1979,TX,6.648110389071931
1980,TX,8.692459479876256
1981,TX,7.364060944
1982,TX,4.669947775931535
1983,TX,3.9238610461440024
1984,TX,3.465737533847765
1985,TX,1.6001476319333767
1986,TX,0.781950982
1989,TX,3.758573929395427
1990,TX,3.534414511
1991,TX,3.0066900863351975
1992,TX,2.3677868625561973
1993,TX,2.2736970309770412
1994,TX,2.431087114797326
1995,TX,1.7745312652705931
1996,TX,1.9901181422719003
1997,TX,2.1414098491606284
1998,TX,1.0
1999,TX,1.4505100816020629
2000,TX,3.3544410261122253
2001,TX,2.8014619183838354
2002,TX,0.4678045664185322
2003,TX,3.1261914211631603
2004,TX,2.8971115359058617
2005,TX,2.870439958501402
2006,TX,2.833690287877589
2007,TX,2.5697544713885843
2008,TX,4.466855345899077
2009,TX,0.6839663911127687
2010,TX,1.6125525730455943
2011,TX,3.173602961
2012,TX,2.1023706720978046
2013,TX,1.6786283435434295
2014,TX,2.0445078441396047
2015,TX,0.4532362709649852
2016,TX,0.887620509
2017,TX,1.6838612050011714
1989,UT,4.207705582153013
1990,UT,3.9084273466254063
1991,UT,3.836833229165433
1992,UT,1.2244795853074752
1993,UT,2.1079452074395353
1994,UT,1.825006531240952
1995,UT,2.1475687942637784
1996,UT,2.361521811254209
1997,UT,2.937069573559344
1998,UT,1.9285491627948053
1999,UT,1.2636593107845693
2000,UT,1.0
2001,UT,2.665584646
2002,UT,1.090656326614779
2003,UT,1.0
2004,UT,2.9399065451994164
2005,UT,1.0545156231881063
2006,UT,2.7087648859625646
2007,UT,0.9005826953748206
2008,UT,2.0115295650497607
2009,UT,1.0
2010,UT,1.0793728119679356
2011,UT,3.764533852891272
2012,UT,2.097652855
2013,UT,1.3515167277748006
2014,UT,2.741969509799065
2015,UT,2.049303926913238
2016,UT,1.5473398017600093
2017,UT,1.0
1989,VA,3.8806477924020606
1990,VA,3.820682134176864
1991,VA,2.6757350869490444
1992,VA,1.865568434878666
1993,VA,0.9688444588711684
1994,VA,2.4566191536764492
1995,VA,2.1990244650990416
1996,VA,2.225996160124114
1997,VA,0.6926183930727897
1998,VA,2.0651495586050967
1999,VA,2.577365995806297
2000,VA,2.7779183785505746
2001,VA,1.6365014583487476
2002,VA,0.8741678327625507
2003,VA,1.716806324
2004,VA,3.719706831
2005,VA,3.737854843066088
2006,VA,3.0223853188973377
2007,VA,3.286634756556785
2008,VA,3.3340081233830556
2009,VA,1.0
2010,VA,1.4365801916181666
2011,VA,4.492024114894568
2012,VA,1.0887741834536449
2013,VA,0.948981584
2014,VA,1.2186685661519292
2015,VA,1.0
2016,VA,0.8533448871998942
2017,VA,1.837159987281633
1978,WA,6.304651739151786
1979,WA,6.769752115993052
1980,WA,8.549077466382592
1981,WA,6.386697468977798
1982,WA,1.0
1983,WA,2.150597189172384
1984,WA,1.9525024717619155
1985,WA,0.6627374321180239
1986,WA,1.0209586675297584
1989,WA,3.8412409815187742
1990,WA,4.816889413279421
1991,WA,4.0380808044296685
1992,WA,3.062433545091045
1993,WA,2.4837234985247574
1994,WA,2.4050052546604164
1995,WA,2.242435071369798
1996,WA,2.822508710045471
1997,WA,2.2419941867202957
1998,WA,2.1821575407252625
1999,WA,2.396532445224064
2000,WA,2.972488706524214
2001,WA,4.631828356589422
2002,WA,1.7600930611886274
2003,WA,1.7430617252523235
2004,WA,2.0962987070871235
2005,WA,2.7136920252757033
2006,WA,3.9945785995188374
2007,WA,3.800431631141888
2008,WA,4.542442697
2009,WA,1.6736133361603254
2010,WA,1.803951832864303
2011,WA,3.371169923262364
2012,WA,2.355816477701116
2013,WA,1.2558768476685125
2014,WA,1.2585388088854466
2015,WA,0.6799881181930288
2016,WA,0.3959490891307416
2017,WA,2.7647314892414534
1978,WI,4.425465337929934
1979,WI,6.524798102540736
1980,WI,8.382220274
1981,WI,8.624200337351636
1982,WI,4.260684964694479
1983,WI,2.6594509811765437
1984,WI,1.135387999835662
1985,WI,2.2044703553339806
1986,WI,1.7547634963833694
1989,WI,3.1433040259866396
1990,WI,3.2122090566028567
1991,WI,3.186643498809084
1992,WI,2.8067925257169053
1993,WI,3.0960312730742983
1994,WI,2.7424660467491355
1995,WI,2.7087717411770993
1996,WI,2.1082025166497744
1997,WI,1.9963763149186184
1998,WI,2.594804667211806
1999,WI,2.412967073856398
2000,WI,3.1546346848685043
2001,WI,2.1863227667775935
2002,WI,1.825250632286986
2003,WI,3.1456922583839053
2004,WI,3.2895617386760927
2005,WI,3.5428411440091874
2006,WI,2.9029211549633938
2007,WI,2.4302441663422827
2008,WI,3.9096320676060414
2009,WI,1.0
2010,WI,3.104630901267071
2011,WI,2.6290789893478963
2012,WI,1.0937449444324208
2013,WI,1.3361065304084594
2014,WI,1.6553666953618318
2015,WI,0.277751794
2016,WI,0.1112448388702853
2017,WI,2.1004048648160354
